Ticker,TieneCedear,TickerCedearARS,TickerCedearCCL,CedearsPorAccionUSA,Empresa,Sector,Industria,TipoUniverso,Universo,MarketCap,Beta,ROE,RiskProfile,RiskScore,Precio,RSI,MA50,MA200,MACD_Bull,Pullback,Trend,PE,PriceToBook,EBITDA,NetIncome,DebtToEquity,DebtToEbitda,TargetPrice,Upside_%,TechScore,FundScore,TotalScore,Setup,SignalState,Conviccion,CapitalSugerido_%,SectorScorePromedio,RankingSector,score_anterior,Evolucion,PrioridadRadar
NOC,False,,,,Northrop Grumman Corporation,Industrials,Aerospace & Defense,CORE,S&P 500,96487383040.0,0.046,0.26167,DEFENSIVO,-1,621.13,24.89,705.57,617.98,False,True,True,23.34,5.79,6819999744.0,4182000128.0,107.26,2.62,736.1,18.51,5,4,8,PULLBACK,COMPRA POTENCIAL,MEDIA,8,5.93,1,8,0,MEDIA
JNJ,True,JNJ.BA,JNJC.BA,15.0,Johnson & Johnson,Healthcare,Drug Manufacturers - General,CORE,Dow Jones,573483646976.0,0.329,,DEFENSIVO,-1,226.05,28.37,240.9,203.46,False,True,True,21.59,7.03,34104750080.0,21040001024.0,60.5,1.45,241.92,7.02,5,4,8,PULLBACK,COMPRA POTENCIAL,MEDIA,8,5.74,2,8,0,MEDIA
ABT,False,,,,Abbott Laboratories,Healthcare,Medical Devices,CORE,S&P 500,177556439040.0,0.782,0.12961,DEFENSIVO,0,94.65,27.12,107.4,122.2,False,True,False,27.47,3.4,12033000448.0,6499999744.0,26.79,1.17,131.44,38.87,4,4,8,PULLBACK,COMPRA POTENCIAL,MEDIA,8,5.74,2,8,0,MEDIA
GE,False,,,,GE Aerospace,Industrials,Aerospace & Defense,CORE,S&P 500,331591286784.0,1.428,0.44692,AGRESIVO,1,288.63,42.47,311.57,297.08,True,True,True,39.05,17.65,10702999552.0,8600999936.0,114.07,2.01,352.75,22.22,3,4,8,PULLBACK EN TENDENCIA,COMPRA POTENCIAL,MEDIA,8,5.93,1,8,0,MEDIA
EW,False,,,,Edwards Lifesciences Corporation,Healthcare,Medical Devices,CORE,S&P 500,45511487488.0,0.945,0.10353,BALANCEADO,1,81.26,52.28,81.4,80.86,True,True,True,43.29,4.4,1794499968.0,1060099968.0,6.82,0.39,96.78,19.1,3,4,8,PULLBACK EN TENDENCIA,COMPRA POTENCIAL,MEDIA,8,5.74,2,8,0,MEDIA
PSX,False,,,,Phillips 66,Energy,Oil & Gas Refining & Marketing,CORE,S&P 500,64610328576.0,0.755,0.15427,DEFENSIVO,0,156.52,37.17,166.1,141.5,False,True,True,14.92,2.22,6672000000.0,4393999872.0,71.38,3.24,180.6,15.38,3,5,8,PULLBACK,COMPRA POTENCIAL,MEDIA,8,5.6,3,8,0,MEDIA
CMCSA,False,,,,Comcast Corporation,Communication Services,Telecom Services,CORE,S&P 500,103413727232.0,0.79,0.2141,DEFENSIVO,0,29.88,60.53,29.98,29.21,True,True,True,5.27,1.06,36879998976.0,19997999104.0,107.86,2.85,32.68,9.38,3,5,8,PULLBACK EN TENDENCIA,COMPRA POTENCIAL,MEDIA,8,5.56,4,8,0,MEDIA
BSX,False,,,,Boston Scientific Corporation,Healthcare,Medical Devices,CORE,S&P 500,96029204480.0,0.782,0.12445,DEFENSIVO,0,61.47,35.89,69.31,91.73,True,True,False,33.31,3.95,5338999808.0,2897999872.0,48.92,2.24,98.72,60.6,3,4,7,PULLBACK,SEGUIMIENTO,BAJA,4,5.74,2,7,0,BAJA
T,True,T.BA,TC.BA,3.0,AT&T Inc.,Communication Services,Telecom Services,CORE,S&P 500,178759729152.0,0.539,0.18805,DEFENSIVO,-1,26.2,38.79,27.82,26.79,False,True,True,8.4,1.63,44243001344.0,21888999424.0,124.18,3.61,30.39,16.0,3,5,7,PULLBACK,SEGUIMIENTO,BAJA,4,5.56,4,7,0,BAJA
DE,False,,,,Deere & Company,Industrials,Farm & Heavy Construction Machinery,CORE,S&P 500,154829553664.0,0.992,0.19566,BALANCEADO,1,593.14,52.89,595.59,513.6,True,True,True,32.39,5.89,8588000256.0,4814000128.0,376.02,5.64,665.1,12.13,3,3,7,PULLBACK EN TENDENCIA,SEGUIMIENTO,BAJA,4,5.93,1,6,1,BAJA
VZ,False,,,,Verizon Communications Inc.,Communication Services,Telecom Services,CORE,Dow Jones,190858641408.0,0.27,0.17069,DEFENSIVO,-1,46.56,39.44,49.15,43.62,False,True,True,11.15,1.83,49997000704.0,17173999616.0,174.78,3.7,51.58,10.79,3,5,7,PULLBACK,SEGUIMIENTO,BAJA,4,5.56,4,7,0,BAJA
NOW,False,,,,"ServiceNow, Inc.",Technology,Software - Application,GROWTH,S&P 500,99118964736.0,1.005,0.15488,BALANCEADO,1,103.88,53.35,105.61,154.21,True,True,False,56.74,7.65,2737999872.0,1748000000.0,18.54,0.88,182.29,75.48,2,4,7,PULLBACK,SEGUIMIENTO,BAJA,4,5.35,7,7,0,BAJA
NKE,True,NKE.BA,NKEC.BA,12.0,"NIKE, Inc.",Consumer Cyclical,Footwear & Accessories,CORE,Dow Jones,67891269632.0,1.319,0.16016,AGRESIVO,1,46.68,41.64,54.38,65.18,True,True,False,30.16,4.82,3864000000.0,2249999872.0,79.33,2.89,63.64,36.33,2,4,7,PULLBACK,SEGUIMIENTO,BAJA,4,5.5,5,7,0,BAJA
CEG,False,,,,Constellation Energy Corporation,Utilities,Utilities - Independent Power Producers,GROWTH,S&P 500,106853376000.0,1.188,0.16364,BALANCEADO,1,282.17,43.47,298.29,327.63,True,True,False,39.91,6.35,5632000000.0,2319000064.0,63.94,1.69,373.3,32.29,2,4,7,PULLBACK,SEGUIMIENTO,BAJA,4,5.17,8,7,0,BAJA
DHR,False,,,,Danaher Corporation,Healthcare,Diagnostics & Research,CORE,S&P 500,140718948352.0,0.986,0.07053,BALANCEADO,1,198.6,55.14,198.62,209.53,True,True,False,39.61,2.68,7834999808.0,3600000000.0,37.49,2.51,261.36,31.6,2,4,7,PULLBACK,SEGUIMIENTO,BAJA,4,5.74,2,6,1,BAJA
ACN,False,,,,Accenture plc,Technology,Information Technology Services,CORE,S&P 500,120262180864.0,1.236,0.24763,AGRESIVO,1,197.74,49.77,203.52,244.83,True,True,False,16.02,3.85,12735312896.0,7648264192.0,25.47,0.66,252.0,27.44,2,4,7,PULLBACK,SEGUIMIENTO,BAJA,4,5.35,7,7,0,BAJA
SYK,False,,,,Stryker Corporation,Healthcare,Medical Devices,CORE,S&P 500,131363602432.0,0.926,0.15079,BALANCEADO,1,338.22,46.04,352.57,367.49,True,True,False,40.83,5.85,6949000192.0,3246000128.0,72.97,2.35,420.62,24.36,2,4,7,PULLBACK,SEGUIMIENTO,BAJA,4,5.74,2,7,0,BAJA
EMR,False,,,,Emerson Electric Co.,Industrials,Specialty Industrial Machinery,CORE,S&P 500,79172132864.0,1.278,0.09646,AGRESIVO,1,147.18,63.39,141.01,137.73,True,False,True,34.51,3.9,5878000128.0,2304999936.0,69.28,2.39,164.17,11.54,2,4,7,TENDENCIA FIRME,SEGUIMIENTO,BAJA,4,5.93,1,7,0,BAJA
GOOGL,True,GOOGL.BA,GOOGLC.BA,58.0,Alphabet Inc.,Communication Services,Internet Content & Information,CORE,S&P 500,4079834365952.0,1.128,0.35705003,BALANCEADO,1,337.57,68.17,308.29,274.1,True,False,True,31.17,9.82,150175006720.0,132169998336.0,16.13,0.45,375.93,11.36,2,4,7,TENDENCIA FIRME,SEGUIMIENTO,BAJA,4,5.56,4,7,0,BAJA
AAPL,True,AAPL.BA,AAPLC.BA,20.0,Apple Inc.,Technology,Consumer Electronics,CORE,Dow Jones,3906855501824.0,1.109,1.5202099,BALANCEADO,1,269.44,60.99,260.33,252.72,True,False,True,33.69,44.32,152901992448.0,117776998400.0,102.63,0.59,296.33,9.98,2,4,7,TENDENCIA FIRME,SEGUIMIENTO,BAJA,4,5.35,7,7,0,BAJA
UPS,False,,,,"United Parcel Service, Inc.",Industrials,Integrated Freight & Logistics,CORE,S&P 500,87822188544.0,1.098,0.33772,BALANCEADO,1,107.29,67.74,105.4,97.2,True,False,True,15.76,5.41,12211999744.0,5571999744.0,175.88,2.34,112.71,5.06,2,4,7,TENDENCIA FIRME,SEGUIMIENTO,BAJA,4,5.93,1,7,0,BAJA
PM,False,,,,Philip Morris International Inc.,Consumer Defensive,Tobacco,CORE,S&P 500,246840033280.0,0.451,,DEFENSIVO,-1,155.95,37.05,171.02,164.87,True,True,True,21.82,-24.67,18722000896.0,11315999744.0,,2.65,195.17,25.15,4,3,6,PULLBACK EN TENDENCIA,SEGUIMIENTO,BAJA,4,5.5,6,6,0,BAJA
ABBV,False,,,,AbbVie Inc.,Healthcare,Drug Manufacturers - General,CORE,S&P 500,369016897536.0,0.364,62.25,DEFENSIVO,-1,204.35,39.23,218.41,217.46,True,True,True,87.66,-112.77,29254000640.0,4185999872.0,,2.34,249.0,21.85,4,3,6,PULLBACK EN TENDENCIA,SEGUIMIENTO,BAJA,4,5.74,2,5,1,BAJA
LLY,False,,,,Eli Lilly and Company,Healthcare,Drug Manufacturers - General,CORE,S&P 500,808891121664.0,0.504,1.01159,DEFENSIVO,-1,899.99,40.52,968.17,906.66,True,True,True,39.35,30.48,31693000704.0,20640000000.0,165.31,1.38,1209.69,34.41,3,4,6,PULLBACK EN TENDENCIA,SEGUIMIENTO,BAJA,4,5.74,2,7,-1,BAJA
GD,False,,,,General Dynamics Corporation,Industrials,Aerospace & Defense,CORE,S&P 500,91954880512.0,0.387,0.17658001,DEFENSIVO,-1,327.84,33.75,349.43,337.65,False,True,True,21.96,3.58,6344000000.0,4209999872.0,38.2,1.54,393.93,20.16,3,4,6,PULLBACK,SEGUIMIENTO,BAJA,4,5.93,1,6,0,BAJA
GILD,False,,,,"Gilead Sciences, Inc.",Healthcare,Drug Manufacturers - General,CORE,S&P 500,173247217664.0,0.404,0.40655,DEFENSIVO,-1,133.33,34.25,143.84,126.03,False,True,True,20.59,7.63,14577000448.0,8510000128.0,112.92,1.75,157.86,18.4,3,4,6,PULLBACK,SEGUIMIENTO,BAJA,4,5.74,2,6,0,BAJA
PG,False,,,,The Procter & Gamble Company,Consumer Defensive,Household & Personal Products,CORE,Dow Jones,335235710976.0,0.403,0.31562,DEFENSIVO,-1,143.12,42.76,151.5,151.07,True,True,True,21.22,6.38,24764999680.0,16161999872.0,68.72,1.48,164.95,15.26,3,4,6,PULLBACK EN TENDENCIA,SEGUIMIENTO,BAJA,4,5.5,6,6,0,BAJA
RTX,False,,,,RTX Corporation,Industrials,Aerospace & Defense,CORE,S&P 500,267943100416.0,0.428,0.109519996,DEFENSIVO,-1,189.4,36.43,200.21,177.61,False,True,True,40.05,4.1,14734999552.0,6732000256.0,59.51,2.71,216.34,14.22,3,4,6,PULLBACK,SEGUIMIENTO,BAJA,4,5.93,1,6,0,BAJA
MRK,False,,,,"Merck & Co., Inc.",Healthcare,Drug Manufacturers - General,CORE,S&P 500,292360355840.0,0.275,0.36882,DEFENSIVO,-1,113.28,38.32,118.91,98.74,False,True,True,16.24,5.56,29105000448.0,18254000128.0,95.96,1.74,129.26,14.11,3,4,6,PULLBACK,SEGUIMIENTO,BAJA,4,5.74,2,6,0,BAJA
CVX,False,,,,Chevron Corporation,Energy,Oil & Gas Integrated,CORE,Dow Jones,369238278144.0,0.587,0.07231,DEFENSIVO,-1,182.72,36.68,192.03,165.06,False,True,True,27.92,1.97,37631000576.0,12298999808.0,24.32,1.24,207.96,13.81,3,4,6,PULLBACK,SEGUIMIENTO,BAJA,4,5.6,3,6,0,BAJA
MPC,False,,,,Marathon Petroleum Corporation,Energy,Oil & Gas Refining & Marketing,CORE,S&P 500,66060111872.0,0.577,0.24193001,DEFENSIVO,-1,215.15,39.91,221.0,191.01,False,True,True,16.97,3.82,9470999552.0,4043000064.0,142.65,3.63,244.67,13.72,3,4,6,PULLBACK,SEGUIMIENTO,BAJA,4,5.6,3,6,0,BAJA
XOM,False,,,,Exxon Mobil Corporation,Energy,Oil & Gas Integrated,CORE,Dow Jones,622112210944.0,0.288,0.110810004,DEFENSIVO,-1,146.77,37.7,154.69,126.32,False,True,True,22.34,2.41,59385999360.0,28843999232.0,18.94,0.85,162.71,10.86,3,4,6,PULLBACK,SEGUIMIENTO,BAJA,4,5.6,3,6,0,BAJA
DUK,False,,,,Duke Energy Corporation,Utilities,Utilities - Regulated Electric,CORE,S&P 500,100063109120.0,0.454,0.09724,DEFENSIVO,-1,126.3,37.14,129.41,123.38,False,True,True,20.38,1.97,16280999936.0,4904999936.0,171.84,5.6,139.65,10.57,3,4,6,PULLBACK,SEGUIMIENTO,BAJA,4,5.17,8,6,0,BAJA
SO,False,,,,The Southern Company,Utilities,Utilities - Regulated Electric,CORE,S&P 500,106969882624.0,0.405,0.11043,DEFENSIVO,-1,92.64,34.17,95.52,92.64,False,True,True,24.21,2.95,13927000064.0,4341000192.0,190.59,5.32,102.18,10.3,3,4,6,PULLBACK,SEGUIMIENTO,BAJA,4,5.17,8,6,0,BAJA
CME,False,,,,CME Group Inc.,Financial Services,Financial Data & Stock Exchanges,CORE,S&P 500,108352634880.0,0.296,0.1475,DEFENSIVO,-1,285.27,35.05,305.66,281.32,False,True,True,26.74,3.73,4590000128.0,4020999936.0,13.08,0.82,311.67,9.25,3,4,6,PULLBACK,SEGUIMIENTO,BAJA,4,4.91,9,6,0,BAJA
ITW,False,,,,Illinois Tool Works Inc.,Industrials,Specialty Industrial Machinery,CORE,S&P 500,76185673728.0,1.145,0.93718004,BALANCEADO,1,272.6,54.94,275.8,260.96,True,True,True,25.22,23.66,4655000064.0,3065999872.0,285.52,1.98,275.88,1.2,3,2,6,PULLBACK EN TENDENCIA,SEGUIMIENTO,BAJA,4,5.93,1,6,0,BAJA
ISRG,False,,,,"Intuitive Surgical, Inc.",Healthcare,Medical Instruments & Supplies,CORE,S&P 500,166780583936.0,1.679,0.16690001,AGRESIVO,0,464.51,47.53,479.06,502.32,True,True,False,59.82,9.36,3558000128.0,2856000000.0,0.95,0.05,599.24,29.01,2,4,6,PULLBACK,SEGUIMIENTO,BAJA,4,5.74,2,6,0,BAJA
MU,False,,,,"Micron Technology, Inc.",Technology,Semiconductors,CORE,S&P 500,508207693824.0,1.606,0.39823002,AGRESIVO,0,446.77,59.68,408.78,261.49,True,False,True,21.27,7.02,36802998272.0,24110999552.0,14.9,0.29,533.73,19.46,2,4,6,TENDENCIA FIRME,SEGUIMIENTO,BAJA,4,5.35,7,6,0,BAJA
GM,False,,,,General Motors Company,Consumer Cyclical,Auto Manufacturers,CORE,S&P 500,73299574784.0,1.345,0.04318,AGRESIVO,1,80.88,61.71,77.16,69.25,True,False,True,24.03,1.16,17628999680.0,3180000000.0,208.3,7.46,94.46,16.79,2,3,6,TENDENCIA FIRME,SEGUIMIENTO,BAJA,4,5.5,5,6,0,BAJA
HD,False,,,,"The Home Depot, Inc.",Consumer Cyclical,Home Improvement Retail,CORE,Dow Jones,336876470272.0,1.085,1.45541,BALANCEADO,1,349.82,57.01,352.19,372.19,True,True,False,23.78,26.29,25010999296.0,14156000256.0,514.39,2.64,408.21,16.69,2,3,6,PULLBACK,SEGUIMIENTO,BAJA,4,5.5,5,6,0,BAJA
EOG,False,,,,"EOG Resources, Inc.",Energy,Oil & Gas E&P,CORE,S&P 500,71533092864.0,0.333,0.16829,DEFENSIVO,-1,130.17,40.92,132.02,117.25,False,True,True,14.62,2.4,11724000256.0,4979999744.0,30.62,0.78,149.73,15.03,2,5,6,PULLBACK,SEGUIMIENTO,BAJA,4,5.6,3,6,0,BAJA
LOW,False,,,,"Lowe's Companies, Inc.",Consumer Cyclical,Home Improvement Retail,CORE,S&P 500,136768389120.0,0.965,,BALANCEADO,1,255.44,60.35,252.26,248.64,True,False,True,20.58,-13.79,12400000000.0,6636000256.0,,3.6,285.58,11.8,2,3,6,TENDENCIA FIRME,SEGUIMIENTO,BAJA,4,5.5,5,6,0,BAJA
ALL,False,,,,The Allstate Corporation,Financial Services,Insurance - Property & Casualty,CORE,S&P 500,56886362112.0,0.224,0.39518002,DEFENSIVO,-1,215.65,57.89,209.01,204.53,True,False,True,5.76,1.99,12494999552.0,10165000192.0,25.09,0.61,239.43,11.03,2,5,6,TENDENCIA FIRME,SEGUIMIENTO,BAJA,4,4.91,9,6,0,BAJA
BRK-B,False,,,,Berkshire Hathaway Inc.,Financial Services,Insurance - Diversified,CORE,S&P 500,1027608805376.0,0.699,0.09809,DEFENSIVO,0,471.9,38.24,486.89,490.06,False,True,False,15.35,0.0,110593998848.0,66967998464.0,18.81,1.22,523.0,10.83,2,4,6,PULLBACK,SEGUIMIENTO,BAJA,4,4.91,9,6,0,BAJA
AMAT,False,,,,"Applied Materials, Inc.",Technology,Semiconductor Equipment & Materials,CORE,S&P 500,306873040896.0,1.637,0.38863,AGRESIVO,0,395.62,61.87,361.56,261.31,True,False,True,39.74,14.13,8888999936.0,7839000064.0,33.11,0.81,421.88,6.64,2,4,6,TENDENCIA FIRME,SEGUIMIENTO,BAJA,4,5.35,7,6,0,BAJA
WMT,False,,,,Walmart Inc.,Consumer Defensive,Discount Stores,CORE,Dow Jones,994636201984.0,0.661,0.21847,DEFENSIVO,0,128.44,58.33,125.57,111.02,True,False,True,45.7,9.98,44027998208.0,21892999168.0,64.44,1.55,136.44,6.23,2,4,6,TENDENCIA FIRME,SEGUIMIENTO,BAJA,4,5.5,6,6,0,BAJA
LRCX,False,,,,Lam Research Corporation,Technology,Semiconductor Equipment & Materials,CORE,S&P 500,327371653120.0,1.79,0.65565,AGRESIVO,0,263.76,61.91,233.34,167.95,True,False,True,53.41,32.14,7343528960.0,6213408768.0,44.2,0.61,279.13,5.83,2,4,6,TENDENCIA FIRME,SEGUIMIENTO,BAJA,4,5.35,7,6,0,BAJA
ASML,False,,,,ASML Holding N.V.,Technology,Semiconductor Equipment & Materials,GROWTH,S&P 500,564325122048.0,1.382,0.50458,AGRESIVO,1,1468.23,56.39,1402.56,1091.14,True,False,True,49.82,24.4,12266399744.0,9609400320.0,23.92,0.38,1511.58,2.95,2,3,6,TENDENCIA FIRME,SEGUIMIENTO,BAJA,4,5.35,7,6,0,BAJA
FDX,False,,,,FedEx Corporation,Industrials,Integrated Freight & Logistics,CORE,S&P 500,86434103296.0,1.286,0.15869,AGRESIVO,1,394.7,68.73,368.82,286.27,True,False,True,19.34,2.9,11559999488.0,4477000192.0,140.99,3.64,403.07,2.12,2,3,6,TENDENCIA FIRME,SEGUIMIENTO,BAJA,4,5.93,1,6,0,BAJA
ADI,False,,,,"Analog Devices, Inc.",Technology,Semiconductors,CORE,S&P 500,168845410304.0,1.053,0.07862,BALANCEADO,1,379.53,76.46,333.89,275.09,True,False,True,63.23,5.0,5459077120.0,2706852096.0,25.75,1.59,386.59,1.86,2,3,6,TENDENCIA FIRME,SEGUIMIENTO,BAJA,4,5.35,7,6,0,BAJA
ETN,False,,,,Eaton Corporation plc,Industrials,Specialty Industrial Machinery,CORE,S&P 500,153470435328.0,1.164,0.21525998,BALANCEADO,1,416.24,69.84,373.53,360.31,True,False,True,37.81,7.89,6310000128.0,4087000064.0,54.88,1.69,410.2,-1.45,2,3,6,TENDENCIA FIRME,SEGUIMIENTO,BAJA,4,5.93,1,6,0,BAJA
TXN,False,,,,Texas Instruments Incorporated,Technology,Semiconductors,CORE,S&P 500,194647949312.0,0.994,0.30148,BALANCEADO,1,233.65,76.05,207.07,190.91,True,False,True,39.23,11.92,8044000256.0,4973000192.0,90.82,1.84,222.96,-4.58,2,3,6,TENDENCIA FIRME,SEGUIMIENTO,BAJA,4,5.35,7,6,0,BAJA
TGT,False,,,,Target Corporation,Consumer Defensive,Discount Stores,CORE,S&P 500,55721615360.0,1.032,0.24034001,BALANCEADO,1,132.95,71.54,118.51,102.46,True,False,True,15.13,3.45,8072000000.0,3704999936.0,125.52,2.51,124.72,-6.19,2,3,6,TENDENCIA FIRME,SEGUIMIENTO,BAJA,4,5.5,6,6,0,BAJA
KLAC,False,,,,KLA Corporation,Technology,Semiconductor Equipment & Materials,CORE,S&P 500,224500891648.0,1.435,1.00726,AGRESIVO,1,1807.2,69.76,1533.4,1224.94,True,False,True,49.81,41.0,5742102016.0,4557986816.0,111.78,1.06,1688.03,-6.59,2,3,6,TENDENCIA FIRME,SEGUIMIENTO,BAJA,4,5.35,7,6,0,BAJA
INTU,False,,,,Intuit Inc.,Technology,Software - Application,CORE,S&P 500,108999958528.0,1.213,0.23457001,AGRESIVO,1,416.39,52.31,415.5,603.47,True,False,False,25.48,5.7,6106999808.0,4339999744.0,36.15,1.13,603.49,44.93,1,4,6,SIN SETUP,SEGUIMIENTO,BAJA,4,5.35,7,7,-1,BAJA
MSFT,True,MSFT.BA,MSFTC.BA,30.0,Microsoft Corporation,Technology,Software - Infrastructure,CORE,Dow Jones,3077227413504.0,1.107,0.34390998,BALANCEADO,1,425.96,70.55,393.25,471.23,True,False,False,25.88,7.87,175258992640.0,119262003200.0,31.54,0.7,585.41,37.43,1,4,6,SIN SETUP,SEGUIMIENTO,BAJA,4,5.35,7,6,0,BAJA
DDOG,False,,,,"Datadog, Inc.",Technology,Software - Application,CORE,S&P 500,42462158848.0,1.294,0.03343,AGRESIVO,1,133.35,63.91,120.32,138.47,True,False,False,387.1,11.33,7529000.0,107741000.0,34.27,169.88,181.37,36.01,1,4,6,SIN SETUP,SEGUIMIENTO,BAJA,4,5.35,7,6,0,BAJA
UBER,False,,,,"Uber Technologies, Inc.",Technology,Software - Application,CORE,S&P 500,160296370176.0,1.206,0.39925998,AGRESIVO,1,78.44,63.62,73.53,86.0,True,False,False,16.47,5.96,6312000000.0,10053000192.0,43.81,1.95,103.68,32.17,1,4,6,SIN SETUP,SEGUIMIENTO,BAJA,4,5.35,7,6,0,BAJA
MELI,True,MELI.BA,MELID.BA,120.0,"MercadoLibre, Inc.",Consumer Cyclical,Internet Retail,CORE,S&P 500,95381684224.0,1.492,0.35985002,AGRESIVO,1,1891.26,63.02,1794.51,2117.28,True,False,False,47.76,14.13,4019000064.0,1996999936.0,169.24,2.84,2490.27,31.67,1,4,6,SIN SETUP,SEGUIMIENTO,BAJA,4,5.5,5,6,0,BAJA
META,True,META.BA,METAC.BA,24.0,"Meta Platforms, Inc.",Communication Services,Internet Content & Information,CORE,S&P 500,1706665836544.0,1.309,0.30238,AGRESIVO,1,674.6,63.72,630.13,680.82,True,False,False,28.69,7.86,101891997696.0,60458000384.0,39.16,0.84,855.68,26.84,1,4,6,SIN SETUP,SEGUIMIENTO,BAJA,4,5.56,4,6,0,BAJA
PATH,False,,,,"UiPath, Inc.",Technology,Software - Infrastructure,GROWTH,S&P 500,5677437440.0,1.025,0.14374,BALANCEADO,1,11.16,53.12,11.13,13.19,True,False,False,20.42,2.74,75536000.0,282329984.0,3.9,1.08,13.8,23.7,1,4,6,SIN SETUP,SEGUIMIENTO,BAJA,4,5.35,7,6,0,BAJA
TMO,False,,,,Thermo Fisher Scientific Inc.,Healthcare,Diagnostics & Research,CORE,S&P 500,197349523456.0,0.972,0.13024001,BALANCEADO,1,535.62,63.7,502.78,524.74,True,False,False,29.99,3.74,11137999872.0,6704000000.0,77.25,3.71,654.6,22.21,1,4,6,SIN SETUP,SEGUIMIENTO,BAJA,4,5.74,2,6,0,BAJA
DIS,False,,,,The Walt Disney Company,Communication Services,Entertainment,CORE,Dow Jones,183137665024.0,1.441,0.12024,AGRESIVO,1,105.47,65.28,101.58,110.37,True,False,False,15.21,1.69,19306000384.0,12252000256.0,40.91,2.42,128.39,21.73,1,4,6,SIN SETUP,SEGUIMIENTO,BAJA,4,5.56,4,6,0,BAJA
SPGI,False,,,,S&P Global Inc.,Financial Services,Financial Data & Stock Exchanges,CORE,S&P 500,129508884480.0,1.204,0.13087,AGRESIVO,1,452.07,61.55,426.5,493.64,True,False,False,29.55,4.16,7644000256.0,4471000064.0,37.91,1.79,538.52,19.12,1,4,6,SIN SETUP,SEGUIMIENTO,BAJA,4,4.91,9,6,0,BAJA
MCO,False,,,,Moody's Corporation,Financial Services,Financial Data & Stock Exchanges,CORE,S&P 500,79491186688.0,1.446,0.62078,AGRESIVO,1,470.84,64.25,444.09,485.36,True,False,False,32.67,19.56,3736999936.0,2459000064.0,176.81,1.99,544.95,15.74,1,4,6,SIN SETUP,SEGUIMIENTO,BAJA,4,4.91,9,6,0,BAJA
BLK,False,,,,"BlackRock, Inc.",Financial Services,Asset Management,CORE,S&P 500,163937665024.0,1.493,,AGRESIVO,1,1062.12,63.6,1013.99,1083.22,True,False,False,26.51,2.92,10242499584.0,6255000064.0,24.37,1.46,1225.06,15.34,1,4,6,SIN SETUP,SEGUIMIENTO,BAJA,4,4.91,9,6,0,BAJA
CDNS,False,,,,"Cadence Design Systems, Inc.",Technology,Software - Application,CORE,S&P 500,84500733952.0,1.041,0.21855,BALANCEADO,1,329.35,69.73,292.21,321.28,True,False,False,75.38,15.2,1908109056.0,1108888064.0,48.71,1.4,371.68,12.85,1,4,6,SIN SETUP,SEGUIMIENTO,BAJA,4,5.35,7,6,0,BAJA
QCOM,False,,,,QUALCOMM Incorporated,Technology,Semiconductors,CORE,S&P 500,142370422784.0,1.279,0.2148,AGRESIVO,1,137.72,63.73,134.63,156.86,True,False,False,26.93,6.2,13763999744.0,5365000192.0,64.22,1.08,154.93,12.5,1,4,6,SIN SETUP,SEGUIMIENTO,BAJA,4,5.35,7,6,0,BAJA
SNPS,False,,,,"Synopsys, Inc.",Technology,Software - Infrastructure,CORE,S&P 500,83626401792.0,1.148,0.055430003,BALANCEADO,1,476.89,70.97,424.35,482.45,True,False,False,66.85,2.74,1615056000.0,1105394944.0,35.58,6.73,535.68,12.33,1,4,6,SIN SETUP,SEGUIMIENTO,BAJA,4,5.35,7,6,0,BAJA
AMZN,False,,,,"Amazon.com, Inc.",Consumer Cyclical,Internet Retail,CORE,Dow Jones,2675926630400.0,1.383,0.22286,AGRESIVO,1,252.82,75.48,215.61,225.87,True,False,False,34.7,6.5,145730994176.0,77669998592.0,43.44,1.23,281.18,11.22,1,4,6,SIN SETUP,SEGUIMIENTO,BAJA,4,5.5,5,6,0,BAJA
COST,False,,,,Costco Wholesale Corporation,Consumer Defensive,Discount Stores,CORE,S&P 500,436501184512.0,0.978,0.29650998,BALANCEADO,1,997.83,51.39,995.0,949.29,False,False,True,51.22,26.38,13459999744.0,8549000192.0,60.26,0.76,1067.94,7.03,1,4,6,SIN SETUP,SEGUIMIENTO,BAJA,4,5.5,6,6,0,BAJA
PYPL,False,,,,"PayPal Holdings, Inc.",Financial Services,Credit Services,CORE,S&P 500,45719461888.0,1.411,0.25732002,AGRESIVO,1,51.92,71.78,45.23,60.24,True,False,False,9.18,2.26,6648999936.0,5232999936.0,60.7,1.85,53.0,2.07,1,4,6,SIN SETUP,SEGUIMIENTO,BAJA,4,4.91,9,6,0,BAJA
LMT,False,,,,Lockheed Martin Corporation,Industrials,Aerospace & Defense,CORE,S&P 500,140685606912.0,0.24,0.76865,DEFENSIVO,-1,572.5,30.28,634.72,522.1,False,True,True,28.43,20.8,8285000192.0,5016999936.0,338.8,2.75,667.85,16.66,3,3,5,PULLBACK,SEGUIMIENTO,BAJA,4,5.93,1,5,0,BAJA
MCD,False,,,,McDonald's Corporation,Consumer Cyclical,Restaurants,CORE,Dow Jones,217694519296.0,0.532,,DEFENSIVO,-1,304.58,41.37,319.11,309.62,True,True,True,25.63,-121.58,14593999872.0,8562999808.0,,3.76,344.79,13.2,3,3,5,PULLBACK EN TENDENCIA,SEGUIMIENTO,BAJA,4,5.5,5,5,0,BAJA
PEP,False,,,,"PepsiCo, Inc.",Consumer Defensive,Beverages - Non-Alcoholic,CORE,S&P 500,211978354688.0,0.41,0.42848,DEFENSIVO,-1,155.05,46.7,159.57,149.13,True,True,True,25.85,10.39,18173999104.0,8240000000.0,258.08,2.92,170.06,9.68,3,3,5,PULLBACK EN TENDENCIA,SEGUIMIENTO,BAJA,4,5.5,6,5,0,BAJA
SNOW,False,,,,Snowflake Inc.,Technology,Software - Application,CORE,S&P 500,49848213504.0,1.228,-0.53908,AGRESIVO,1,153.89,50.74,163.54,210.06,True,True,False,,25.77,-1286213248.0,-1331616000.0,142.46,,237.89,54.58,2,2,5,PULLBACK,SEGUIMIENTO,BAJA,4,5.35,7,5,0,BAJA
BABA,True,BABA.BA,BABAC.BA,9.0,Alibaba Group Holding Limited,Consumer Cyclical,Internet Retail,OTRO,Nasdaq,337261527040.0,0.489,0.082329996,DEFENSIVO,-1,137.06,56.67,137.52,147.31,True,True,False,24.83,2.15,138660003840.0,92810002432.0,25.91,2.07,188.67,37.65,2,4,5,PULLBACK,SEGUIMIENTO,BAJA,4,5.5,5,4,1,BAJA
NVDA,True,NVDA.BA,NVDAC.BA,24.0,NVIDIA Corporation,Technology,Semiconductors,CORE,S&P 500,4798293213184.0,2.335,1.01485,ESPECULATIVO,-1,201.82,71.17,184.23,182.21,True,False,True,40.37,30.5,133230002176.0,120066998272.0,7.25,0.09,268.22,32.9,2,4,5,TENDENCIA FIRME,SEGUIMIENTO,BAJA,4,5.35,7,5,0,BAJA
REGN,False,,,,"Regeneron Pharmaceuticals, Inc.",Healthcare,Biotechnology,CORE,S&P 500,79243337728.0,0.397,0.14864999,DEFENSIVO,-1,743.38,44.28,764.19,676.6,False,True,True,18.07,2.46,4245700096.0,4504900096.0,9.51,0.7,875.45,17.77,2,4,5,PULLBACK,SEGUIMIENTO,BAJA,4,5.74,2,5,0,BAJA
COP,False,,,,ConocoPhillips,Energy,Oil & Gas E&P,CORE,S&P 500,146552356864.0,0.192,0.12357,DEFENSIVO,-1,117.24,40.55,119.74,100.2,False,True,True,18.85,2.28,24160999424.0,7960999936.0,37.83,1.01,135.78,15.81,2,4,5,PULLBACK,SEGUIMIENTO,BAJA,4,5.6,3,5,0,BAJA
OXY,False,,,,Occidental Petroleum Corporation,Energy,Oil & Gas E&P,CORE,S&P 500,55678726144.0,0.23,0.05929,DEFENSIVO,-1,54.98,41.25,55.83,46.58,False,True,True,41.59,2.0,11255000064.0,1350000000.0,63.8,2.07,61.72,12.26,2,4,5,PULLBACK,SEGUIMIENTO,BAJA,4,5.6,3,5,0,BAJA
KO,True,KO.BA,KOC.BA,5.0,The Coca-Cola Company,Consumer Defensive,Beverages - Non-Alcoholic,CORE,Dow Jones,323822944256.0,0.361,0.43323,DEFENSIVO,-1,74.76,40.85,77.39,71.66,False,True,True,24.75,10.06,16078000128.0,13107000320.0,139.79,2.98,83.67,11.92,2,4,5,PULLBACK,SEGUIMIENTO,BAJA,4,5.5,6,5,0,BAJA
SLB,False,,,,SLB N.V.,Energy,Oil & Gas Equipment & Services,CORE,S&P 500,78832017408.0,0.695,0.13904001,DEFENSIVO,0,53.01,59.91,50.04,40.61,True,False,True,22.35,3.01,7733000192.0,3374000128.0,45.98,1.62,55.61,4.91,2,3,5,TENDENCIA FIRME,SEGUIMIENTO,BAJA,4,5.6,3,6,-1,BAJA
CB,False,,,,Chubb Limited,Financial Services,Insurance - Property & Casualty,CORE,S&P 500,128891314176.0,0.503,0.14337,DEFENSIVO,-1,326.26,47.69,329.16,298.23,False,True,True,12.84,1.75,13267999744.0,10309999616.0,30.94,1.86,342.09,4.85,2,4,5,PULLBACK,SEGUIMIENTO,BAJA,4,4.91,9,6,-1,BAJA
NEE,False,,,,"NextEra Energy, Inc.",Utilities,Utilities - Regulated Electric,CORE,S&P 500,189366353920.0,0.733,0.083739996,DEFENSIVO,0,91.79,47.99,92.24,82.39,False,True,True,27.52,3.46,14138000384.0,6834999808.0,146.24,6.88,95.16,3.67,2,3,5,PULLBACK,SEGUIMIENTO,BAJA,4,5.17,8,5,0,BAJA
AMD,False,,,,"Advanced Micro Devices, Inc.",Technology,Semiconductors,CORE,S&P 500,416455852032.0,1.963,0.07082,ESPECULATIVO,0,281.26,78.65,215.24,203.85,True,False,True,98.24,6.61,6744999936.0,4268999936.0,6.36,0.59,289.35,2.88,2,3,5,TENDENCIA FIRME,SEGUIMIENTO,BAJA,4,5.35,7,5,0,BAJA
SBUX,False,,,,Starbucks Corporation,Consumer Cyclical,Restaurants,CORE,S&P 500,112631193600.0,0.944,,BALANCEADO,1,98.2,56.83,96.12,89.83,True,False,True,82.38,-13.42,5297299968.0,1368899968.0,,4.81,99.52,1.34,2,2,5,TENDENCIA FIRME,SEGUIMIENTO,BAJA,4,5.5,5,5,0,BAJA
CAT,False,,,,Caterpillar Inc.,Industrials,Farm & Heavy Construction Machinery,CORE,Dow Jones,358236028928.0,1.519,0.43526,AGRESIVO,1,813.65,68.15,737.76,573.67,True,False,True,40.67,16.71,13960999936.0,8883999744.0,206.67,3.16,746.06,-8.31,2,2,5,TENDENCIA FIRME,SEGUIMIENTO,BAJA,4,5.93,1,5,0,BAJA
INTC,True,INTC.BA,INTCC.BA,5.0,Intel Corporation,Technology,Semiconductors,OTRO,Dow Jones,343939219456.0,1.349,0.00022,AGRESIVO,1,66.65,71.3,49.66,37.72,True,False,True,,2.99,12632999936.0,-267000000.0,37.28,3.73,51.94,-22.07,2,2,5,TENDENCIA FIRME,SEGUIMIENTO,BAJA,4,5.35,7,5,0,BAJA
ORCL,False,,,,Oracle Corporation,Technology,Software - Infrastructure,CORE,S&P 500,491501912064.0,1.597,0.57572,AGRESIVO,1,184.07,71.41,153.22,214.84,True,False,False,30.68,14.65,27441000448.0,16188000256.0,415.26,5.91,246.46,33.89,1,3,5,SIN SETUP,SEGUIMIENTO,BAJA,4,5.35,7,5,0,BAJA
MA,False,,,,Mastercard Incorporated,Financial Services,Credit Services,CORE,S&P 500,465731977216.0,0.831,2.09915,BALANCEADO,1,514.76,54.25,510.34,550.35,True,False,False,31.59,60.3,20544000000.0,14968000512.0,256.04,0.97,657.11,27.65,1,3,5,SIN SETUP,SEGUIMIENTO,BAJA,4,4.91,9,5,0,BAJA
V,False,,,,Visa Inc.,Financial Services,Credit Services,CORE,Dow Jones,609318338560.0,0.799,0.53954,DEFENSIVO,0,312.76,54.02,311.47,334.12,True,False,False,29.67,15.77,28987000832.0,20592001024.0,54.61,0.73,394.86,26.25,1,4,5,SIN SETUP,SEGUIMIENTO,BAJA,4,4.91,9,5,0,BAJA
SCHW,False,,,,The Charles Schwab Corporation,Financial Services,Capital Markets,CORE,S&P 500,175816785920.0,0.901,0.18101999,BALANCEADO,1,92.85,45.12,94.8,95.91,False,True,False,21.58,4.14,,8417500160.0,115.32,,116.85,25.85,1,3,5,PULLBACK,SEGUIMIENTO,BAJA,4,4.91,9,5,0,BAJA
PLTR,True,PLTR.BA,PLTRC.BA,3.0,Palantir Technologies Inc.,Technology,Software - Infrastructure,OTRO,Nasdaq,350117396480.0,1.674,0.25983,AGRESIVO,0,148.57,54.15,144.02,164.37,True,False,False,232.37,47.39,1440160000.0,1625032960.0,3.06,0.16,186.22,25.34,1,4,5,SIN SETUP,SEGUIMIENTO,BAJA,4,5.35,7,5,0,BAJA
ZTS,False,,,,Zoetis Inc.,Healthcare,Drug Manufacturers - Specialty & Generic,CORE,S&P 500,51223089152.0,0.974,0.65992,BALANCEADO,1,122.65,57.1,121.75,133.82,True,False,False,20.16,15.48,4065999872.0,2672999936.0,279.59,2.29,151.0,23.11,1,3,5,SIN SETUP,SEGUIMIENTO,BAJA,4,5.74,2,5,0,BAJA
BKNG,False,,,,Booking Holdings Inc.,Consumer Cyclical,Travel Services,CORE,S&P 500,147502776320.0,1.198,,BALANCEADO,1,193.11,66.09,172.69,202.6,True,False,False,28.1,-26.63,10110000128.0,5404000256.0,,1.92,232.65,20.48,1,3,5,SIN SETUP,SEGUIMIENTO,BAJA,4,5.5,5,5,0,BAJA
IBM,True,IBM.BA,IBMC.BA,15.0,International Business Machines Corporation,Technology,Information Technology Services,CORE,Dow Jones,230717259776.0,0.685,0.35158002,DEFENSIVO,0,256.3,58.93,249.03,274.92,True,False,False,22.05,7.06,16117999616.0,10570999808.0,197.33,4.01,307.48,19.97,1,4,5,SIN SETUP,SEGUIMIENTO,BAJA,4,5.35,7,5,0,BAJA
CI,False,,,,The Cigna Group,Healthcare,Healthcare Plans,CORE,S&P 500,72009113600.0,0.272,0.1513,DEFENSIVO,-1,283.64,60.4,275.97,283.16,True,False,False,12.15,1.7,12046999552.0,5957000192.0,75.14,2.61,338.79,19.44,1,5,5,SIN SETUP,SEGUIMIENTO,BAJA,4,5.74,2,5,0,BAJA
PANW,False,,,,"Palo Alto Networks, Inc.",Technology,Software - Infrastructure,CORE,S&P 500,134688956416.0,0.766,0.16259001,DEFENSIVO,0,176.76,61.91,160.94,185.68,True,False,False,92.21,12.35,1536499968.0,1281900032.0,4.89,0.3,205.96,16.52,1,4,5,SIN SETUP,SEGUIMIENTO,BAJA,4,5.35,7,5,0,BAJA
ELV,False,,,,"Elevance Health, Inc.",Healthcare,Healthcare Plans,CORE,S&P 500,68479139840.0,0.498,0.1325,DEFENSIVO,-1,329.64,65.41,309.03,324.38,True,False,False,12.3,1.56,9040000000.0,5662000128.0,74.39,3.62,380.19,15.34,1,5,5,SIN SETUP,SEGUIMIENTO,BAJA,4,5.74,2,5,0,BAJA
BAC,False,,,,Bank of America Corporation,Financial Services,Banks - Diversified,CORE,S&P 500,390555009024.0,1.237,0.10217,AGRESIVO,1,54.28,69.54,50.58,51.2,True,False,False,14.28,1.42,,29055000576.0,,,60.56,11.57,1,3,5,SIN SETUP,SEGUIMIENTO,BAJA,4,4.91,9,5,0,BAJA
PGR,False,,,,The Progressive Corporation,Financial Services,Insurance - Property & Casualty,CORE,S&P 500,118464413696.0,0.327,0.40448,DEFENSIVO,-1,205.66,56.38,203.69,224.12,True,False,False,10.51,3.91,14814000128.0,11308000256.0,23.42,0.48,228.48,11.09,1,5,5,SIN SETUP,SEGUIMIENTO,BAJA,4,4.91,9,5,0,BAJA
VLO,False,,,,Valero Energy Corporation,Energy,Oil & Gas Refining & Marketing,CORE,S&P 500,70567206912.0,0.612,0.08299,DEFENSIVO,0,227.35,45.25,225.5,179.33,False,False,True,31.22,2.97,7599000064.0,2340999936.0,43.99,1.54,246.67,8.5,1,4,5,SIN SETUP,SEGUIMIENTO,BAJA,4,5.6,3,5,0,BAJA
AXP,False,,,,American Express Company,Financial Services,Credit Services,CORE,Dow Jones,227389390848.0,1.133,0.33992,BALANCEADO,1,334.98,66.61,316.88,336.0,True,False,False,21.55,6.79,,10700999680.0,190.92,,359.63,7.36,1,3,5,SIN SETUP,SEGUIMIENTO,BAJA,4,4.91,9,5,0,BAJA
TSLA,True,TSLA.BA,TSLAC.BA,15.0,"Tesla, Inc.",Consumer Cyclical,Auto Manufacturers,CORE,S&P 500,1464667996160.0,1.915,0.049250003,ESPECULATIVO,0,392.06,56.14,389.86,399.64,True,False,False,358.1,17.83,10503000064.0,3793999872.0,17.76,1.4,415.3,5.93,1,4,5,SIN SETUP,SEGUIMIENTO,BAJA,4,5.5,5,5,0,BAJA
JPM,False,,,,JPMorgan Chase & Co.,Financial Services,Banks - Diversified,CORE,Dow Jones,824828035072.0,1.043,0.16465001,BALANCEADO,1,317.69,67.28,299.41,303.9,True,False,False,14.65,2.41,,57512001536.0,,,334.43,5.27,1,3,5,SIN SETUP,SEGUIMIENTO,BAJA,4,4.91,9,5,0,BAJA
ICE,False,,,,"Intercontinental Exchange, Inc.",Financial Services,Financial Data & Stock Exchanges,CORE,S&P 500,94089093120.0,1.043,0.11885,BALANCEADO,1,160.82,48.82,160.0,165.72,False,False,False,28.71,3.25,6176000000.0,3315000064.0,70.08,3.29,197.87,23.04,0,4,5,SIN SETUP,SEGUIMIENTO,BAJA,4,4.91,9,5,0,BAJA
F,False,,,,Ford Motor Company,Consumer Cyclical,Auto Manufacturers,CORE,S&P 500,51121242112.0,1.71,-0.20193,AGRESIVO,0,12.99,63.45,12.61,12.51,True,False,True,,1.41,5392999936.0,-8182000128.0,460.64,30.73,14.04,8.07,2,2,4,TENDENCIA FIRME,EVITAR,NULA,0,5.5,5,4,0,IGNORAR
GS,False,,,,"The Goldman Sachs Group, Inc.",Financial Services,Capital Markets,CORE,Dow Jones,267404050432.0,1.311,0.13861,AGRESIVO,1,936.29,66.36,870.81,822.47,True,False,True,16.46,2.53,,16243999744.0,596.07,,933.75,-0.27,2,1,4,TENDENCIA FIRME,TOMA DE GANANCIA,NULA,0,4.91,9,4,0,IGNORAR
MS,False,,,,Morgan Stanley,Financial Services,Capital Markets,CORE,S&P 500,304885039104.0,1.182,0.15614,BALANCEADO,1,191.1,72.57,169.75,163.86,True,False,True,18.81,2.98,,16248999936.0,455.75,,190.33,-0.4,2,1,4,TENDENCIA FIRME,TOMA DE GANANCIA,NULA,0,4.91,9,4,0,IGNORAR
TEAM,False,,,,Atlassian Corporation,Technology,Software - Application,GROWTH,S&P 500,17317437440.0,0.994,-0.13465999,BALANCEADO,1,75.26,57.25,73.62,139.63,True,False,False,,10.96,-22988000.0,-189224992.0,76.38,,165.22,119.53,1,2,4,SIN SETUP,EVITAR,NULA,0,5.35,7,4,0,IGNORAR
OKLO,False,,,,Oklo Inc.,Utilities,Utilities - Independent Power Producers,GROWTH,S&P 500,11059803136.0,0.943,-0.12236,BALANCEADO,1,67.64,65.05,59.66,85.8,True,False,False,,6.93,-138772000.0,-105663000.0,0.1,,90.41,33.66,1,2,4,SIN SETUP,EVITAR,NULA,0,5.17,8,4,0,IGNORAR
BA,False,,,,The Boeing Company,Industrials,Aerospace & Defense,CORE,Dow Jones,175754035200.0,1.128,2.90084,BALANCEADO,1,222.29,56.54,219.17,219.49,True,False,False,90.18,32.21,-3238000128.0,1888999936.0,1032.89,,266.76,20.01,1,2,4,SIN SETUP,EVITAR,NULA,0,5.93,1,4,0,IGNORAR
WFC,False,,,,Wells Fargo & Company,Financial Services,Banks - Diversified,CORE,S&P 500,247441604608.0,,0.12028,SIN DATO,0,82.49,52.42,82.19,84.47,True,False,False,12.44,1.51,,20668999680.0,,,98.62,19.56,1,3,4,SIN SETUP,EVITAR,NULA,0,4.91,9,4,0,IGNORAR
SHOP,False,,,,Shopify Inc.,Technology,Software - Application,CORE,S&P 500,165680709632.0,2.822,0.09836,ESPECULATIVO,-1,136.39,65.23,121.75,141.65,True,False,False,135.48,12.32,1928999936.0,1231000064.0,1.4,0.1,159.7,17.09,1,4,4,SIN SETUP,EVITAR,NULA,0,5.35,7,4,0,IGNORAR
MDLZ,False,,,,"Mondelez International, Inc.",Consumer Defensive,Confectioners,CORE,S&P 500,73163448320.0,0.389,0.09332,DEFENSIVO,-1,56.66,43.82,58.34,59.73,False,True,False,30.16,2.83,4990000128.0,2451000064.0,84.85,4.4,66.21,16.85,1,4,4,PULLBACK,DEBILITÁNDOSE,NULA,0,5.5,6,4,0,IGNORAR
MET,False,,,,"MetLife, Inc.",Financial Services,Insurance - Life,CORE,S&P 500,51288125440.0,0.733,0.12020001,DEFENSIVO,0,78.22,68.91,73.32,77.37,True,False,False,16.53,1.8,5961999872.0,3172999936.0,225.97,10.96,89.81,14.82,1,3,4,SIN SETUP,EVITAR,NULA,0,4.91,9,4,0,IGNORAR
COIN,False,,,,"Coinbase Global, Inc.",Financial Services,Financial Data & Stock Exchanges,CORE,S&P 500,52057399296.0,3.606,0.10055,ESPECULATIVO,-1,207.74,63.34,182.35,271.6,True,False,False,43.48,3.5,1671160960.0,1260327040.0,53.12,4.7,237.91,14.52,1,4,4,SIN SETUP,EVITAR,NULA,0,4.91,9,4,0,IGNORAR
CRWD,False,,,,"CrowdStrike Holdings, Inc.",Technology,Software - Infrastructure,CORE,S&P 500,104321622016.0,1.072,-0.04137,BALANCEADO,1,454.37,63.76,407.64,459.02,True,False,False,,23.53,-46664000.0,-162502000.0,18.34,,489.86,7.81,1,2,4,SIN SETUP,EVITAR,NULA,0,5.35,7,4,0,IGNORAR
PBR,True,PBR.BA,PBRC.BA,1.0,Petróleo Brasileiro S.A. - Petrobras,Energy,Oil & Gas Integrated,OTRO,Nasdaq,131787292672.0,-0.071,0.28176,DEFENSIVO,-1,21.05,57.32,18.59,14.07,False,False,True,6.73,1.58,208144007168.0,110128996352.0,91.96,1.84,18.83,-10.54,1,4,4,SIN SETUP,TOMA DE GANANCIA,NULA,0,5.6,3,4,0,IGNORAR
NFLX,False,,,,"Netflix, Inc.",Communication Services,Entertainment,CORE,S&P 500,454370000896.0,1.669,0.42762002,AGRESIVO,0,93.54,42.11,92.46,105.53,False,False,False,42.34,16.99,13659992064.0,10981200896.0,63.78,1.24,114.03,21.91,0,4,4,SIN SETUP,DEBILITÁNDOSE,NULA,0,5.56,4,4,0,IGNORAR
XLE,False,,,,State Street Energy Select Sector SPDR ETF,,,ETF,Nasdaq,10437879808.0,,,SIN DATO,0,55.13,37.57,57.1,47.98,False,True,True,21.58,1.07,,,,,,,3,0,3,PULLBACK,EVITAR,NULA,0,1.9,10,3,0,IGNORAR
C,False,,,,Citigroup Inc.,Financial Services,Banks - Diversified,CORE,S&P 500,230603980800.0,,0.07649,SIN DATO,0,134.4,75.02,115.41,105.79,True,False,True,16.29,1.2,,14744999936.0,,,133.0,-1.04,2,1,3,TENDENCIA FIRME,TOMA DE GANANCIA,NULA,0,4.91,9,3,0,IGNORAR
TMUS,False,,,,"T-Mobile US, Inc.",Communication Services,Telecom Services,CORE,S&P 500,213707472896.0,0.422,0.18177,DEFENSIVO,-1,196.44,40.85,209.17,218.14,False,True,False,19.64,3.57,32821000192.0,10992000000.0,208.85,3.77,268.68,36.77,1,3,3,PULLBACK,DEBILITÁNDOSE,NULA,0,5.56,4,3,0,IGNORAR
HOOD,False,,,,"Robinhood Markets, Inc.",Financial Services,Capital Markets,GROWTH,S&P 500,78322335744.0,2.464,0.21993999,ESPECULATIVO,-1,89.96,67.54,76.05,107.3,True,False,False,42.44,8.58,,1883000064.0,136.04,,103.77,15.35,1,3,3,SIN SETUP,EVITAR,NULA,0,4.91,9,3,0,IGNORAR
AEP,False,,,,"American Electric Power Company, Inc.",Utilities,Utilities - Regulated Electric,CORE,S&P 500,73125593088.0,0.57,0.12486,DEFENSIVO,-1,132.62,50.6,131.17,118.79,False,False,True,20.2,2.34,8956999680.0,3580000000.0,154.24,5.55,137.47,3.66,1,3,3,SIN SETUP,EVITAR,NULA,0,5.17,8,3,0,IGNORAR
UNH,False,,,,UnitedHealth Group Incorporated,Healthcare,Healthcare Plans,CORE,Dow Jones,285246226432.0,0.408,0.12538,DEFENSIVO,-1,355.09,81.58,289.0,312.94,True,False,False,23.75,3.03,21624999936.0,12056000512.0,81.62,3.84,360.96,1.65,1,3,3,SIN SETUP,SOBREEXTENDIDA,NULA,0,5.74,2,3,0,IGNORAR
HUM,False,,,,Humana Inc.,Healthcare,Healthcare Plans,CORE,S&P 500,23780319232.0,0.445,0.07039,DEFENSIVO,-1,223.47,76.77,182.75,240.65,True,False,False,20.02,1.35,3568999936.0,1188000000.0,74.81,3.72,212.08,-5.1,1,3,3,SIN SETUP,TOMA DE GANANCIA,NULA,0,5.74,2,3,0,IGNORAR
RKLB,False,,,,Rocket Lab Corporation,Industrials,Aerospace & Defense,GROWTH,S&P 500,41927372800.0,2.205,-0.18837999,ESPECULATIVO,-1,91.72,71.8,70.95,60.51,True,False,True,,22.99,-185512992.0,-198208992.0,15.39,,86.68,-5.49,2,1,2,TENDENCIA FIRME,TOMA DE GANANCIA,NULA,0,5.93,1,2,0,IGNORAR
SPY,False,,,,State Street SPDR S&P 500 ETF Trust,,,ETF,Nasdaq,642025193472.0,,,SIN DATO,0,710.05,72.32,676.0,667.34,True,False,True,27.73,1.63,,,,,,,2,0,2,TENDENCIA FIRME,SOBREEXTENDIDA,NULA,0,1.9,10,2,0,IGNORAR
QQQ,False,,,,Invesco QQQ Trust,,,ETF,Nasdaq,249909395456.0,,,SIN DATO,0,649.05,73.43,603.88,599.83,True,False,True,33.59,1.78,,,,,,,2,0,2,TENDENCIA FIRME,SOBREEXTENDIDA,NULA,0,1.9,10,2,0,IGNORAR
DIA,False,,,,State Street SPDR Dow Jones Industrial Average ETF Trust,,,ETF,Nasdaq,39386554368.0,,,SIN DATO,0,496.33,69.9,479.59,470.3,True,False,True,23.76,1.35,,,,,,,2,0,2,TENDENCIA FIRME,EVITAR,NULA,0,1.9,10,2,0,IGNORAR
IWM,False,,,,iShares Russell 2000 ETF,,,ETF,Nasdaq,75602444288.0,,,SIN DATO,0,279.2,75.22,257.9,245.94,True,False,True,19.47,1.23,,,,,,,2,0,2,TENDENCIA FIRME,SOBREEXTENDIDA,NULA,0,1.9,10,2,0,IGNORAR
EEM,False,,,,iShares MSCI Emerging Markets ETF,,,ETF,Nasdaq,46810566656.0,,,SIN DATO,0,63.2,67.04,59.51,54.92,True,False,True,17.3,1.18,,,,,,,2,0,2,TENDENCIA FIRME,EVITAR,NULA,0,1.9,10,2,0,IGNORAR
XLK,False,,,,State Street Technology Select Sector SPDR ETF,,,ETF,Nasdaq,40721338368.0,,,SIN DATO,0,155.8,76.46,140.29,139.83,True,False,True,35.58,1.0,,,,,,,2,0,2,TENDENCIA FIRME,SOBREEXTENDIDA,NULA,0,1.9,10,2,0,IGNORAR
IVV,False,,,,iShares Core S&P 500 ETF,,,ETF,Nasdaq,436809826304.0,,,SIN DATO,0,713.28,72.72,678.96,670.4,True,False,True,27.74,1.63,,,,,,,2,0,2,TENDENCIA FIRME,SOBREEXTENDIDA,NULA,0,1.9,10,2,0,IGNORAR
RBLX,False,,,,Roblox Corporation,Communication Services,Electronic Gaming & Multimedia,CORE,S&P 500,42798755840.0,1.673,-3.67223,AGRESIVO,0,63.87,61.94,61.01,96.8,True,False,False,,108.42,-1006521984.0,-1065057024.0,480.75,,104.63,63.81,1,1,2,SIN SETUP,EVITAR,NULA,0,5.56,4,2,0,IGNORAR
TEM,False,,,,"Tempus AI, Inc.",Healthcare,Health Information Services,GROWTH,S&P 500,10007189504.0,,-0.89481,SIN DATO,0,57.34,63.99,51.14,67.38,True,False,False,,20.22,-171512992.0,-245028000.0,270.11,,72.73,26.85,1,1,2,SIN SETUP,EVITAR,NULA,0,5.74,2,2,0,IGNORAR
NET,False,,,,"Cloudflare, Inc.",Technology,Software - Infrastructure,CORE,S&P 500,66953691136.0,1.875,-0.08164,ESPECULATIVO,0,208.51,54.55,196.59,202.28,True,False,False,,45.87,-42443000.0,-102267000.0,241.13,,233.47,11.97,1,1,2,SIN SETUP,EVITAR,NULA,0,5.35,7,2,0,IGNORAR
AI,False,,,,"C3.ai, Inc.",Technology,Software - Infrastructure,GROWTH,S&P 500,1357746432.0,2.07,-0.55012,ESPECULATIVO,-1,9.6,59.45,9.2,15.3,True,False,False,,1.87,-453099008.0,-434502016.0,8.37,,8.82,-8.14,1,1,1,SIN SETUP,TOMA DE GANANCIA,NULA,0,5.35,7,1,0,IGNORAR
XLF,False,,,,State Street Financial Select Sector SPDR ETF,,,ETF,Nasdaq,46217424896.0,,,SIN DATO,0,52.87,68.68,50.8,52.7,True,False,False,17.64,1.54,,,,,,,1,0,1,SIN SETUP,EVITAR,NULA,0,1.9,10,1,0,IGNORAR
ARKK,False,,,,ARK Innovation ETF,,,ETF,Nasdaq,,,,SIN DATO,0,79.82,69.51,71.69,77.66,True,False,False,50.75,,,,,,,,1,0,1,SIN SETUP,EVITAR,NULA,0,1.9,10,1,0,IGNORAR
